Rank,Team,Power Score,W,L,T,PF
1,RyanJohnson567,0.9324755635348095,3,0,0,537
2,BallknowerJames,0.8333333333333334,2,1,0,557
3,jdalferes,0.7502161047942018,3,0,0,480
4,jakehenley5,0.6199880311190903,1,2,0,479
5,PapaChap69,0.6110113704368642,2,1,0,464
6,PimpChevy,0.5476760422900459,1,2,0,451
7,JSUT2000,0.5404947137442649,1,2,0,439
8,BradenGarcia69,0.5243699714076734,1,2,0,443
9,DrewThetford,0.440754039497307,0,3,0,458
10,AaronTucker,0.3540793935767006,1,2,0,406
