Rank,Team,Power Score,W,L,T,PF
1,RyanJohnson567,0.9016113660039453,3,0,0,537
2,BallknowerJames,0.8271604938271605,2,1,0,557
3,jdalferes,0.818117339362103,3,0,0,480
4,PapaChap69,0.6727397654985925,2,1,0,464
5,jakehenley5,0.5459139570450163,1,2,0,479
6,BradenGarcia69,0.5243699714076734,1,2,0,443
7,PimpChevy,0.5168118447591817,1,2,0,451
8,JSUT2000,0.49728483720105504,1,2,0,439
9,AaronTucker,0.4281534676507747,1,2,0,406
10,DrewThetford,0.42223552097878847,0,3,0,458
