Rank,Team,Power Score,W,L,T,PF
1,RyanJohnson567,92.0,3,0,0,537
2,BallknowerJames,90.0,2,1,0,557
3,jdalferes,86.0,3,0,0,480
4,PapaChap69,66.0,2,1,0,464
5,jakehenley5,58.00000000000001,1,2,0,479
6,PimpChevy,40.0,1,2,0,451
7,DrewThetford,34.0,0,3,0,458
8,BradenGarcia69,34.0,1,2,0,443
9,JSUT2000,28.000000000000004,1,2,0,439
10,AaronTucker,22.000000000000004,1,2,0,406
